{
  "rows": [
    {
      "target": "gelu",
      "samples": 4096.0,
      "x_min": -4.0,
      "x_max": 4.0,
      "bpla_prefix_bits": 4.0,
      "bpla_timesteps": 16.0,
      "bpla_mae": 0.0001277716935573731,
      "bpla_rmse": 0.00015098520095663243,
      "bpla_max_abs": 0.0003980713654363477,
      "bpla_spike_events": 21825.0,
      "bpla_energy_proxy_pj": 8315.86,
      "mbe_available": "yes",
      "mbe_source": "C:\\Users\\cm120\\Project\\VLM_SNN_Research\\MBE\\mbe_models\\activation\\mbe_gelu_model.pth",
      "mbe_timesteps": 32.0,
      "mbe_num_basis": 8.0,
      "mbe_mae": 0.010499688417490067,
      "mbe_rmse": 0.014485364287007836,
      "mbe_max_abs": 0.07573198528279901,
      "mbe_spike_events": 220913.0,
      "mbe_energy_proxy_pj": 65154.12000000001
    },
    {
      "target": "tanh",
      "samples": 4096.0,
      "x_min": -4.0,
      "x_max": 4.0,
      "bpla_prefix_bits": 4.0,
      "bpla_timesteps": 16.0,
      "bpla_mae": 0.00013076826528946663,
      "bpla_rmse": 0.0001520776929602755,
      "bpla_max_abs": 0.00034030175856425426,
      "bpla_spike_events": 32174.0,
      "bpla_energy_proxy_pj": 9350.76,
      "mbe_available": "yes",
      "mbe_source": "C:\\Users\\cm120\\Project\\VLM_SNN_Research\\MBE\\mbe_models\\activation\\mbe_tanh_model.pth",
      "mbe_timesteps": 10.0,
      "mbe_num_basis": 6.0,
      "mbe_mae": 0.009411538213764052,
      "mbe_rmse": 0.01444302329639797,
      "mbe_max_abs": 0.07672285021694741,
      "mbe_spike_events": 125051.0,
      "mbe_energy_proxy_pj": 29925.4
    },
    {
      "target": "sigmoid",
      "samples": 4096.0,
      "x_min": -6.0,
      "x_max": 6.0,
      "bpla_prefix_bits": 4.0,
      "bpla_timesteps": 16.0,
      "bpla_mae": 0.00012305305730190823,
      "bpla_rmse": 0.00014212160153334233,
      "bpla_max_abs": 0.00030643764711754673,
      "bpla_spike_events": 24576.0,
      "bpla_energy_proxy_pj": 8538.76,
      "mbe_available": "yes",
      "mbe_source": "C:\\Users\\cm120\\Project\\VLM_SNN_Research\\MBE\\mbe_models\\activation\\mbe_sigmoid_model.pth",
      "mbe_timesteps": 32.0,
      "mbe_num_basis": 8.0,
      "mbe_mae": 0.006844443725455136,
      "mbe_rmse": 0.009195755224304592,
      "mbe_max_abs": 0.03586032901947672,
      "mbe_spike_events": 471607.0,
      "mbe_energy_proxy_pj": 115292.92000000001
    }
  ],
  "energy_assumptions_pj": {
    "fp32_mul": 3.7,
    "fp32_add": 0.9,
    "lut_read": 0.04,
    "spike_accumulate": 0.1,
    "threshold_compare": 0.02
  },
  "note": "MBE rows use external trained checkpoints when --use_external_mbe is set."
}